
{
	"amber": [670.2207, -606.4057],
	"crimson": [198.7534, -438.4299],
	"cobalt": [-276.993103, -878.604126]
}
